{
  "roc_6": 0.11947760730981827,
  "roc_12": 0.1121864840388298,
  "vwap_deviation": 0.11151491850614548,
  "macd_signal": 0.08393698185682297,
  "obv_trend": 0.08211485296487808,
  "momentum_divergence": 0.050190623849630356,
  "rsi_14": 0.04769342392683029,
  "adx": 0.044313568621873856,
  "atr_ratio": 0.04133833572268486,
  "return_7d": 0.040052738040685654,
  "log_return_1h": 0.03647322580218315,
  "log_return_4h": 0.03546043112874031,
  "macd_line": 0.033544935286045074,
  "macd_histogram": 0.03309211879968643,
  "rvol_24h": 0.03309081122279167,
  "log_return_24h": 0.031640686094760895,
  "rvol_6h": 0.023771056905388832,
  "rvol_72h": 0.021384071558713913,
  "bollinger_width": 0.018723174929618835,
  "fear_greed": 0.0,
  "funding_rate": 0.0,
  "funding_rate_avg": 0.0,
  "funding_rate_trend": 0.0,
  "return_1h": 0.0,
  "return_24h": 0.0,
  "return_4h": 0.0,
  "roc_24": 0.0,
  "volatility_regime": 0.0
}